week,variable,value
25,Fusobacteriota,0.8581876516511013
25,Proteobacteria,0.5759946150103332
25,Actinobacteriota,0.08567216137313816
25,Firmicutes,1.34877127468991986
26,Firmicutes,1.34877127468991986
25,Bacteroidota,0.8

