week,variable,value
25,Fusobacteriota,0.46456442338867143
25,Proteobacteria,0.6800740510065209
25,Actinobacteriota,0.9718570839000544
25,Firmicutes,0.7461357425714639
25,Bacteroidota,0.9603584197493726
