week,variable,value
29,Actinobacteriota,0.6148220100169244
29,Firmicutes,0.7387874712982752
29,Bacteroidota,0.5622754926700773
29,Fusobacteriota,0.19370530778741946
29,Proteobacteria,0.012819320735556916
