week,variable,value
29,Actinobacteriota,0.048500191278016525
29,Firmicutes,0.7154912740636448
29,Bacteroidota,0.847345863971234
29,Fusobacteriota,0.8400386164747207
29,Proteobacteria,0.8267428460533279
